id,email,name,address
0,michaelhernandez@example.org,Whitney Williamson,"27576 Jessica Greens
North Veronicafurt, AR 21207"
1,dawnburnett@example.com,Brian Marks,"101 Daniel Ridge
Sandersborough, AR 20456"
2,ocox@example.org,Michele Gonzalez,"8522 Meghan Summit
South Jessicaland, AZ 31122"
3,benjamin35@example.com,Haley Green,"USNV Smith
FPO AA 94204"
4,sgriffith@example.com,John Cunningham,"40090 Christine Valley Suite 009
Xavierport, AZ 45330"
5,nicholashawkins@example.com,Joshua Wright,"0385 Angela Tunnel Suite 208
North Selena, MO 47200"
6,allennatasha@example.net,Mitchell Lawson,"Unit 2195 Box 2420
DPO AP 61600"
7,melissa60@example.org,Katherine Steele,"USNS Petty
FPO AE 48670"
8,uguerra@example.org,Christina Adams,"00091 Andrea Stravenue Suite 114
Lake William, GA 18037"
9,aprilharris@example.net,Rachel Weaver,"20331 Kelly Crossroad
Adamshaven, TX 35930"
10,hernandezdawn@example.org,Lori Fitzpatrick,"6059 Lisa Flats Apt. 590
New Jamesland, CT 24110"
11,linbruce@example.net,Darren Sullivan,"22143 Taylor Well
West Davidburgh, TN 98139"
12,cwhitehead@example.net,Joshua Guzman,"4135 Roberts Flats Apt. 593
New Kenneth, GA 44048"
13,penglish@example.net,Cassandra Hernandez,"03290 Kevin Flats
Jonathanmouth, AZ 09194"
14,hamiltonveronica@example.org,Kaitlin Howard,"92280 Hall Field
Lake Shirley, GU 50699"
15,vrobertson@example.com,David Sanchez,"0670 Kimberly Circles
North Randallshire, OK 09816"
16,paul87@example.com,Adam Rodriguez,"5527 Emily Curve
Butlermouth, TX 44604"
17,nreed@example.com,Kelsey King,"983 David Expressway
East Annview, MA 41866"
18,ogill@example.net,Natalie Craig,"PSC 0152, Box 1404
APO AA 78847"
19,barkermatthew@example.com,Richard Gomez,"473 Andrews Spring Apt. 389
Mathewshaven, NV 72334"
20,jimenezdonald@example.com,Keith Phillips,"876 Tammy Lake
Harringtonport, FL 55916"
21,donaldjohnson@example.com,Jason Elliott,"8731 Michael Valleys Apt. 113
New Patricia, NY 00541"
22,gbass@example.org,Robert Watson,"0448 Fry Street
Paulfort, AK 13287"
23,theresathomas@example.com,Melissa Torres,"81571 Miller Tunnel Suite 181
South Michaelhaven, MS 92945"
24,anthony08@example.net,Brenda Lewis MD,"002 Mark Oval
Warrenberg, HI 31339"
25,heather18@example.net,Hannah Thornton,"6552 Amber Alley
Fryeland, IA 18771"
26,graymichael@example.com,Laura Brown MD,"86786 Darryl Loaf
Lake Laurie, ID 74478"
27,rachael93@example.com,Jesse Dixon,"39976 White Orchard Apt. 179
Thompsonview, ME 46857"
28,michelle47@example.net,Alicia Berger,"60482 Chelsey Parkways
Martinezview, MP 16802"
29,leonard59@example.net,Aaron Mckinney,"840 Cobb Harbor Suite 147
New Rachel, FL 71257"
30,craig72@example.org,Frank Turner,"48398 Tucker Island Suite 814
Riverahaven, NV 80570"
31,smithsarah@example.com,Brian Young,"4989 Linda Turnpike
South Dana, LA 91014"
32,ostokes@example.com,Christy Mcknight,"660 Joshua Circle Apt. 625
West Timothy, NY 17624"
33,richardsmith@example.org,Christopher Green,"41032 Jennifer Vista
East Carrie, OH 36198"
34,wlarsen@example.com,Amanda Strickland,"417 Jose Isle Suite 434
Nicholeborough, WA 82321"
35,roytina@example.net,Yvonne Flowers,"Unit 5858 Box 3563
DPO AP 54914"
36,michael71@example.net,James Francis,"PSC 8620, Box 7254
APO AA 97885"
37,grobinson@example.net,Rhonda Johnson,"131 Alicia Road
Cruzstad, VA 97731"
38,tsimmons@example.net,Gloria Turner,"73006 Cherry Knolls Suite 880
East Jasonside, IL 68567"
39,nathanlong@example.net,Anthony Waters,"1439 Brenda Points Suite 105
Pruitthaven, ME 78095"
40,blackdestiny@example.net,Brian Wolf,"6599 James Stravenue
Brownhaven, GU 72212"
41,marynash@example.com,Ronald Rogers,"5816 Miranda Knoll
Wattsborough, AS 24356"
42,lwyatt@example.com,Benjamin Rivera,"71362 Miller Fort Apt. 987
Lake Seanport, GA 03239"
43,kirstenjackson@example.com,Alexis Strickland,"62487 Fisher Gardens Apt. 191
Kylehaven, KY 71414"
44,thompsonkeith@example.org,Randall Tucker,"963 Daniel Port Suite 888
New Michael, MT 47728"
45,jennifer19@example.com,Teresa Kline,"664 Mckee Springs Apt. 380
Lake Staceyshire, MS 56354"
46,zjohnson@example.org,David Walters,"66723 Nunez Club Suite 833
Anthonyville, VI 13497"
47,vwall@example.org,Mr. Joshua Weber,"PSC 0192, Box 8764
APO AP 25209"
48,smithmaurice@example.org,Amanda Price,"395 Michael Gateway Apt. 062
East Christineborough, MP 29025"
49,andrewgregory@example.com,Anita Rojas,"62745 Ricardo Ranch
East Christinaborough, CA 64352"
50,elizabethknox@example.org,Mark Coleman,"7084 Gallagher Street Apt. 650
South Jon, WI 47623"
51,dlamb@example.com,Amy White,"82185 Steven Drive Apt. 314
South Charles, NC 57812"
52,vincent62@example.net,April Montgomery,"366 Gardner Causeway Suite 363
East Valerietown, PW 54250"
53,brianmendez@example.com,Thomas Smith DDS,"811 Theresa Creek
North Rachel, FM 71250"
54,kwilkerson@example.org,Erica Munoz,"4530 Vasquez Creek
South Melissafort, HI 85387"
55,maddenpaula@example.net,William Nunez,"9258 Courtney Station
Vasquezfurt, ID 99203"
56,bobby39@example.net,Jesse Escobar,"577 Julie Mount
Williamfurt, NM 39214"
57,allenamber@example.org,Christopher Smith,"02040 Long Islands
Sarachester, AZ 51830"
58,katherine55@example.org,Derek Day,"139 Jones Groves Apt. 466
Mitchellview, VI 71958"
59,wallacesara@example.com,Kevin Brown,"12451 Gomez Flats
New Danielberg, MS 98041"
60,thompsonregina@example.net,Casey Krueger,"15896 Evans Cape Apt. 265
New Latashaberg, MH 23367"
61,djoseph@example.org,Julie Murphy,"PSC 0242, Box 8400
APO AA 45925"
62,annajohnson@example.net,Kenneth Parker,"51652 Michael Expressway
Elliottchester, OH 18341"
63,dixonjonathan@example.com,Jacob Kramer,"417 Powell Walk Apt. 987
South Denisemouth, WY 98030"
64,bryandavid@example.net,Lisa Mayer,"732 Amber Stream
South Scottberg, ID 21950"
65,yknight@example.org,Kevin Brown,"6969 Kristin Groves
West Kennethview, NY 80086"
66,laurenmanning@example.org,Brian Norris,"82541 Diane Via Apt. 505
Novakborough, MP 42952"
67,williamgarcia@example.org,Frederick Reid,"421 Ewing Road Suite 588
East Travis, SC 61519"
68,santiagomatthew@example.net,Jason Mcdaniel,"8994 Ashley Drive Suite 831
Stacychester, CO 54670"
69,jane78@example.org,John Pearson,"969 Buckley Courts Suite 792
North Stacyview, AK 32215"
70,davidhill@example.net,Heather Shelton,"75823 Miles Row Apt. 219
New Traceyville, AK 77224"
71,dean03@example.net,Ashley Chandler,"633 Little Harbors
Scottstad, NM 36551"
72,franklingregory@example.net,James Roberson,"3383 Tonya Grove
North Carl, HI 95356"
73,cvillarreal@example.net,Douglas Miller,"5755 Jennifer Branch Apt. 590
Tanyaside, WY 79141"
74,barkercarol@example.com,Sandra Campos,"PSC 2594, Box 4713
APO AE 85098"
75,qchapman@example.com,Brittany Garcia,"2850 Rogers Forest
Kathrynville, NY 08166"
76,irichardson@example.com,Mrs. Gabriella Mccarty DDS,"1014 Vanessa Pike Suite 888
East Jamiebury, VA 22482"
77,hmartin@example.com,Mr. Matthew Campbell,"207 Hart Union Suite 076
New Brian, AR 85373"
78,williamsaunders@example.org,Alejandra Hunter,"Unit 5987 Box 2715
DPO AP 26445"
79,lorimoran@example.com,Kara Malone,"40226 Jessica Plains Suite 517
West Emilystad, RI 71747"
80,gabriel83@example.org,Ryan Norris,"09069 Kristen Center Suite 386
West Richard, ID 74122"
81,jacksondouglas@example.org,Raymond Smith,"73986 Marcus Path
Thomasshire, VI 05887"
82,qgarcia@example.org,Benjamin Smith,"50929 Thomas Square Apt. 096
Garyshire, TX 84061"
83,vbradshaw@example.org,Gina Romero,"968 Desiree Lodge
Fordburgh, MA 07922"
84,riceanthony@example.org,Troy Bell,"79364 Goodman Bridge Suite 376
North Leslie, KS 10981"
85,kimberly19@example.net,Samantha Reed,"6115 Weeks Rest
Robertsview, KY 81290"
86,gbaker@example.net,Zachary West,"78861 George Ports
Michaelland, IA 25477"
87,chelseyburke@example.org,Anthony Gardner,"64967 Caitlin Trace Apt. 038
Lewisberg, IA 27264"
88,williselizabeth@example.com,Matthew Robinson,"8685 Mendoza Branch Apt. 071
Thomasview, AZ 77754"
89,jo04@example.net,Jared Moore,"679 Sara Keys Apt. 570
Lewisshire, AL 32568"
90,corey61@example.net,Erik Mckay,"USCGC Benton
FPO AE 27725"
91,dylanho@example.com,Emily Sanders,"611 Foster Unions Suite 947
South Robert, ID 09141"
92,trevinochristian@example.org,Shelby Murphy PhD,"62404 Katelyn Mountains
North Eric, MI 68986"
93,vickiestuart@example.net,Jordan Brown,"279 Deborah Run
Sergioside, VI 02900"
94,fmoore@example.org,David Coleman,"USS Castaneda
FPO AA 49747"
95,margaret78@example.com,Daniel Chen,"PSC 8037, Box 6995
APO AA 54213"
96,qponce@example.com,Juan Russell,"48142 Arias Drive Apt. 480
North Darrellstad, SC 45135"
97,charles63@example.com,Laurie Miller,"28930 Hendricks Mountain
Lake Mollyside, MO 55224"
98,benjamin32@example.org,Jeremy Rodriguez,"841 Harrison Burg Apt. 576
Kevinborough, MP 61624"
99,fisherjulie@example.com,Kristen Wagner,"850 Greene Meadows
Morganchester, FM 02936"
